variant,soc4,title,karpathy_score,num_jobs_2024,occupation_count,karpathy_zscore,karpathy_percentile,comparison_key,comparison_level_left,raw_code_examples,raw_title_examples,source_row_count,metric_value,metric_name,comparison_level_right,source_file,sheet_name,metric_zscore,metric_percentile,comparison_title,left_label,right_label,value_gap,percentile_gap,abs_percentile_gap
repo_gabriel,43-40,Customer service representatives,8.213569122536502,4150600.0,2,1.596744525562707,0.9545454545454546,43-40,soc4,43-4011.00 | 43-4021.00 | 43-4031.01 | 43-4031.02 | 43-4031.03,Brokerage Clerks | Correspondence Clerks | Court Clerks | Municipal Clerks | License Clerks,12,0.1725439243333333,webb_soc4_ai_score,soc4,webb_exposure_by_soc4.xlsx,exposure_by_soc4,-1.2209393059017055,0.10185185185185185,Customer service representatives,repo_gabriel,webb_soc4_ai_score,8.041025198203169,0.8526936026936027,0.8526936026936027
repo_gabriel,43-60,Secretaries and administrative assistants,7.8,3453100.0,1,1.4122555046804102,0.8920454545454546,43-60,soc4,43-6011.00 | 43-6012.00 | 43-6013.00 | 43-6014.00,"Executive Secretaries and Executive Administrative Assistants | Legal Secretaries | Medical Secretaries | Secretaries and Administrative Assistants, Except Legal, Medical, and Executive",4,0.124849738,webb_soc4_ai_score,soc4,webb_exposure_by_soc4.xlsx,exposure_by_soc4,-1.4679247800097706,0.06481481481481481,Secretaries and administrative assistants,repo_gabriel,webb_soc4_ai_score,7.675150262,0.8272306397306398,0.8272306397306398
repo_gabriel,27-30,Public relations specialists,7.963690550105551,805300.0,8,1.4852762107027568,0.9318181818181818,27-30,soc4,27-3011.00 | 27-3012.00 | 27-3021.00 | 27-3022.00 | 27-3031.00,Radio and Television Announcers | Public Address System and Other Announcers | Broadcast News Analysts | Reporters and Correspondents | Public Relations Specialists,10,0.1841147896,webb_soc4_ai_score,soc4,webb_exposure_by_soc4.xlsx,exposure_by_soc4,-1.1610193059303275,0.12962962962962962,Public relations specialists,repo_gabriel,webb_soc4_ai_score,7.779575760505551,0.8021885521885521,0.8021885521885521
repo_gabriel,43-30,"Bookkeeping, accounting, and auditing clerks",8.374649923208962,3320700.0,4,1.668601048643382,0.9659090909090909,43-30,soc4,43-3011.00 | 43-3021.01 | 43-3021.02 | 43-3031.00 | 43-3041.00,"Bill and Account Collectors | Statement Clerks | Billing, Cost, and Rate Clerks | Bookkeeping, Accounting, and Auditing Clerks | Gaming Cage Workers",8,0.215227990125,webb_soc4_ai_score,soc4,webb_exposure_by_soc4.xlsx,exposure_by_soc4,-0.9998988597405214,0.17592592592592593,"Bookkeeping, accounting, and auditing clerks",repo_gabriel,webb_soc4_ai_score,8.159421933083962,0.789983164983165,0.789983164983165
repo_gabriel,25-10,Postsecondary teachers,6.6,1415600.0,1,0.8769475887969737,0.7386363636363636,25-10,soc4,25-1011.00 | 25-1021.00 | 25-1022.00 | 25-1031.00 | 25-1032.00,"Business Teachers, Postsecondary | Computer Science Teachers, Postsecondary | Mathematical Science Teachers, Postsecondary | Architecture Teachers, Postsecondary | Engineering Teachers, Postsecondary",23,0.0158849577826086,webb_soc4_ai_score,soc4,webb_exposure_by_soc4.xlsx,exposure_by_soc4,-2.0322014764394214,0.009259259259259259,Postsecondary teachers,repo_gabriel,webb_soc4_ai_score,6.584115042217391,0.7293771043771043,0.7293771043771043
repo_gabriel,23-20,Paralegals and legal assistants,7.8,376200.0,1,1.4122555046804102,0.8920454545454546,23-20,soc4,23-2011.00 | 23-2091.00 | 23-2093.00,"Paralegals and Legal Assistants | Court Reporters | Title Examiners, Abstractors, and Searchers",3,0.2309919056666666,webb_soc4_ai_score,soc4,webb_exposure_by_soc4.xlsx,exposure_by_soc4,-0.9182650495598265,0.2037037037037037,Paralegals and legal assistants,repo_gabriel,webb_soc4_ai_score,7.569008094333333,0.6883417508417509,0.6883417508417509
repo_gabriel,53-50,Water transportation workers,2.2,84300.0,1,-1.0858481027756268,0.14772727272727273,53-50,soc4,53-5011.00 | 53-5021.01 | 53-5021.02 | 53-5021.03 | 53-5022.00,"Sailors and Marine Oilers | Ship and Boat Captains | Mates- Ship, Boat, and Barge | Pilots, Ship | Motorboat Operators",6,0.5362396399999999,webb_soc4_ai_score,soc4,webb_exposure_by_soc4.xlsx,exposure_by_soc4,0.6624675759601938,0.7870370370370371,Water transportation workers,repo_gabriel,webb_soc4_ai_score,1.6637603600000004,-0.6393097643097644,0.6393097643097644
repo_gabriel,47-22,Sheet metal workers,2.126478149100257,155600.0,2,-1.118645460089822,0.11363636363636363,47-22,soc4,47-2211.00 | 47-2221.00 | 47-2231.00,Sheet Metal Workers | Structural Iron and Steel Workers | Solar Photovoltaic Installers,3,0.5008559733333333,webb_soc4_ai_score,soc4,webb_exposure_by_soc4.xlsx,exposure_by_soc4,0.47923241966105895,0.7407407407407407,Sheet metal workers,repo_gabriel,webb_soc4_ai_score,1.6256221757669238,-0.627104377104377,0.627104377104377
repo_gabriel,45-20,Agricultural workers,2.8,812600.0,1,-0.8181941448339086,0.32954545454545453,45-20,soc4,45-2011.00 | 45-2021.00 | 45-2041.00 | 45-2091.00 | 45-2092.01,"Agricultural Inspectors | Animal Breeders | Graders and Sorters, Agricultural Products | Agricultural Equipment Operators | Nursery Workers",7,0.7598557042857143,webb_soc4_ai_score,soc4,webb_exposure_by_soc4.xlsx,exposure_by_soc4,1.8204686637612602,0.9537037037037037,Agricultural workers,repo_gabriel,webb_soc4_ai_score,2.0401442957142857,-0.6241582491582491,0.6241582491582491
repo_gabriel,43-41,Receptionists,6.7,1007200.0,1,0.9215565817872603,0.7727272727272727,43-41,soc4,43-4111.00 | 43-4121.00 | 43-4131.00 | 43-4141.00 | 43-4151.00,"Interviewers, Except Eligibility and Loan | Library Assistants, Clerical | Loan Interviewers and Clerks | New Accounts Clerks | Order Clerks",8,0.205999130375,webb_soc4_ai_score,soc4,webb_exposure_by_soc4.xlsx,exposure_by_soc4,-1.0476907286467223,0.1574074074074074,Receptionists,repo_gabriel,webb_soc4_ai_score,6.494000869625,0.6153198653198653,0.6153198653198653
repo_gabriel,11-10,Top executives,7.4,4022200.0,1,1.233819532719265,0.8522727272727273,11-10,soc4,11-1011.00 | 11-1011.03 | 11-1021.00,Chief Executives | Chief Sustainability Officers | General and Operations Managers,3,0.2503340999999999,webb_soc4_ai_score,soc4,webb_exposure_by_soc4.xlsx,exposure_by_soc4,-0.8181010378641315,0.24074074074074073,Top executives,repo_gabriel,webb_soc4_ai_score,7.1496659000000005,0.6115319865319866,0.6115319865319866
repo_gabriel,53-40,Railroad workers,3.3,77900.0,1,-0.5951491798824767,0.38636363636363635,53-40,soc4,53-4011.00 | 53-4012.00 | 53-4013.00 | 53-4021.00 | 53-4031.00,"Locomotive Engineers | Locomotive Firers | Rail Yard Engineers, Dinkey Operators, and Hostlers | Railroad Brake, Signal, and Switch Operators | Railroad Conductors and Yardmasters",6,0.895869705,webb_soc4_ai_score,soc4,webb_exposure_by_soc4.xlsx,exposure_by_soc4,2.5248203895034433,0.9907407407407407,Railroad workers,repo_gabriel,webb_soc4_ai_score,2.404130295,-0.6043771043771043,0.6043771043771043
repo_gabriel,41-90,Real estate brokers and sales agents,6.38019137149572,595700.0,3,0.778893173115455,0.6931818181818182,41-90,soc4,41-9011.00 | 41-9012.00 | 41-9021.00 | 41-9022.00 | 41-9031.00,Demonstrators and Product Promoters | Models | Real Estate Brokers | Real Estate Sales Agents | Sales Engineers,7,0.1804108055714285,webb_soc4_ai_score,soc4,webb_exposure_by_soc4.xlsx,exposure_by_soc4,-1.1802004749934019,0.1111111111111111,Real estate brokers and sales agents,repo_gabriel,webb_soc4_ai_score,6.199780565924292,0.5820707070707072,0.5820707070707072
repo_gabriel,39-60,Concierges,5.8,45600.0,1,0.5200756448746827,0.6193181818181818,39-60,soc4,39-6011.00 | 39-6012.00,Baggage Porters and Bellhops | Concierges,2,0.1389198335,webb_soc4_ai_score,soc4,webb_exposure_by_soc4.xlsx,exposure_by_soc4,-1.3950624570522967,0.07407407407407407,Concierges,repo_gabriel,webb_soc4_ai_score,5.6610801665,0.5452441077441077,0.5452441077441077
repo_gabriel,33-20,Firefighters,1.592248275862069,362500.0,2,-1.356960026794661,0.011363636363636364,33-20,soc4,33-2011.01 | 33-2011.02 | 33-2021.01 | 33-2021.02 | 33-2022.00,Municipal Firefighters | Forest Firefighters | Fire Inspectors | Fire Investigators | Forest Fire Inspectors and Prevention Specialists,5,0.4117360734,webb_soc4_ai_score,soc4,webb_exposure_by_soc4.xlsx,exposure_by_soc4,0.01772290603478275,0.5370370370370371,Firefighters,repo_gabriel,webb_soc4_ai_score,1.1805122024620691,-0.5256734006734007,0.5256734006734007
repo_gabriel,37-20,Janitors and building cleaners,2.2,2550100.0,2,-1.0858481027756268,0.14772727272727273,37-20,soc4,37-2011.00 | 37-2012.00 | 37-2021.00,"Janitors and Cleaners, Except Maids and Housekeeping Cleaners | Maids and Housekeeping Cleaners | Pest Control Workers",3,0.4814530363333333,webb_soc4_ai_score,soc4,webb_exposure_by_soc4.xlsx,exposure_by_soc4,0.37875385062664735,0.6666666666666666,Janitors and building cleaners,repo_gabriel,webb_soc4_ai_score,1.7185469636666668,-0.5189393939393939,0.5189393939393939
repo_gabriel,53-70,Hand laborers and material movers,2.4221983447817133,7817700.0,2,-0.98672765872742,0.26136363636363635,53-70,soc4,53-7011.00 | 53-7021.00 | 53-7031.00 | 53-7032.00 | 53-7033.00,"Conveyor Operators and Tenders | Crane and Tower Operators | Dredge Operators | Excavating and Loading Machine and Dragline Operators | Loading Machine Operators, Underground Mining",15,0.5322287626666666,webb_soc4_ai_score,soc4,webb_exposure_by_soc4.xlsx,exposure_by_soc4,0.6416971526461417,0.7777777777777778,Hand laborers and material movers,repo_gabriel,webb_soc4_ai_score,1.8899695821150466,-0.5164141414141414,0.5164141414141414
repo_gabriel,51-80,Water and wastewater treatment plant and system operators,3.7643900141309463,212300.0,3,-0.3879894710312129,0.4659090909090909,51-80,soc4,51-8011.00 | 51-8012.00 | 51-8013.00 | 51-8021.00 | 51-8031.00,Nuclear Power Reactor Operators | Power Distributors and Dispatchers | Power Plant Operators | Stationary Engineers and Boiler Operators | Water and Wastewater Treatment Plant and System Operators,11,0.8227721854545454,webb_soc4_ai_score,soc4,webb_exposure_by_soc4.xlsx,exposure_by_soc4,2.14628315238866,0.9629629629629629,Water and wastewater treatment plant and system operators,repo_gabriel,webb_soc4_ai_score,2.9416178286764008,-0.497053872053872,0.497053872053872
repo_gabriel,25-40,Library technicians and assistants,6.352692530399537,345400.0,3,0.7666262170184487,0.6818181818181818,25-40,soc4,25-4011.00 | 25-4012.00 | 25-4013.00 | 25-4021.00 | 25-4031.00,Archivists | Curators | Museum Technicians and Conservators | Librarians | Library Technicians,5,0.2192249931999999,webb_soc4_ai_score,soc4,webb_exposure_by_soc4.xlsx,exposure_by_soc4,-0.9792002846020186,0.18518518518518517,Library technicians and assistants,repo_gabriel,webb_soc4_ai_score,6.133467537199537,0.4966329966329966,0.4966329966329966
repo_gabriel,51-70,Woodworkers,2.4,214600.0,1,-0.9966301167950541,0.23295454545454544,51-70,soc4,51-7011.00 | 51-7021.00 | 51-7031.00 | 51-7032.00 | 51-7041.00,"Cabinetmakers and Bench Carpenters | Furniture Finishers | Model Makers, Wood | Patternmakers, Wood | Sawing Machine Setters, Operators, and Tenders, Wood",6,0.4978312233333333,webb_soc4_ai_score,soc4,webb_exposure_by_soc4.xlsx,exposure_by_soc4,0.46356868011034874,0.7222222222222222,Woodworkers,repo_gabriel,webb_soc4_ai_score,1.9021687766666666,-0.4892676767676768,0.4892676767676768
repo_gabriel,25-11,Career and technical education teachers,3.8,239600.0,1,-0.37210421493104484,0.48295454545454547,25-11,soc4,25-1111.00 | 25-1112.00 | 25-1113.00 | 25-1121.00 | 25-1122.00,"Criminal Justice and Law Enforcement Teachers, Postsecondary | Law Teachers, Postsecondary | Social Work Teachers, Postsecondary | Art, Drama, and Music Teachers, Postsecondary | Communications Teachers, Postsecondary",13,0.0513966726923076,webb_soc4_ai_score,soc4,webb_exposure_by_soc4.xlsx,exposure_by_soc4,-1.84830321927946,0.018518518518518517,Career and technical education teachers,repo_gabriel,webb_soc4_ai_score,3.748603327307692,0.4644360269360269,0.4644360269360269
repo_gabriel,41-20,Retail sales workers,5.6000977464023896,7366000.0,2,0.43090126257990025,0.6022727272727273,41-20,soc4,41-2011.00 | 41-2012.00 | 41-2021.00 | 41-2022.00 | 41-2031.00,Cashiers | Gaming Change Persons and Booth Cashiers | Counter and Rental Clerks | Parts Salespersons | Retail Salespersons,5,0.1881223678,webb_soc4_ai_score,soc4,webb_exposure_by_soc4.xlsx,exposure_by_soc4,-1.1402659672564195,0.1388888888888889,Retail sales workers,repo_gabriel,webb_soc4_ai_score,5.411975378602389,0.4633838383838384,0.4633838383838384
repo_gabriel,41-40,Wholesale and manufacturing sales representatives,5.8,1613600.0,1,0.5200756448746827,0.6193181818181818,41-40,soc4,41-4011.00 | 41-4011.07 | 41-4012.00,"Sales Representatives, Wholesale and Manufacturing, Technical and Scientific Products | Solar Sales Representatives and Assessors | Sales Representatives, Wholesale and Manufacturing, Except Technical and Scientific Products",3,0.211914963,webb_soc4_ai_score,soc4,webb_exposure_by_soc4.xlsx,exposure_by_soc4,-1.0170554492141761,0.16666666666666666,Wholesale and manufacturing sales representatives,repo_gabriel,webb_soc4_ai_score,5.588085037,0.45265151515151514,0.45265151515151514
repo_gabriel,41-30,Insurance sales agents,7.0202123413427,1252700.0,4,1.064400082690857,0.8068181818181818,41-30,soc4,41-3011.00 | 41-3021.00 | 41-3031.01 | 41-3031.02 | 41-3031.03,"Advertising Sales Agents | Insurance Sales Agents | Sales Agents, Securities and Commodities | Sales Agents, Financial Services | Securities and Commodities Traders",7,0.3342739942857143,webb_soc4_ai_score,soc4,webb_exposure_by_soc4.xlsx,exposure_by_soc4,-0.38341630623157696,0.37037037037037035,Insurance sales agents,repo_gabriel,webb_soc4_ai_score,6.685938347056985,0.4364478114478114,0.4364478114478114
repo_gabriel,37-30,Grounds maintenance workers,1.6,1296400.0,1,-1.3535020607173451,0.022727272727272728,37-30,soc4,37-3011.00 | 37-3012.00 | 37-3013.00,"Landscaping and Groundskeeping Workers | Pesticide Handlers, Sprayers, and Applicators, Vegetation | Tree Trimmers and Pruners",3,0.3782022833333333,webb_soc4_ai_score,soc4,webb_exposure_by_soc4.xlsx,exposure_by_soc4,-0.15593262045582212,0.4537037037037037,Grounds maintenance workers,repo_gabriel,webb_soc4_ai_score,1.221797716666667,-0.430976430976431,0.430976430976431
repo_gabriel,47-20,Construction laborers and helpers,1.9249619895742835,3683200.0,7,-1.2085397895670578,0.06818181818181818,47-20,soc4,47-2011.00 | 47-2021.00 | 47-2022.00 | 47-2031.01 | 47-2031.02,Boilermakers | Brickmasons and Blockmasons | Stonemasons | Construction Carpenters | Rough Carpenters,17,0.382542345882353,webb_soc4_ai_score,soc4,webb_exposure_by_soc4.xlsx,exposure_by_soc4,-0.13345750370183074,0.46296296296296297,Construction laborers and helpers,repo_gabriel,webb_soc4_ai_score,1.5424196436919306,-0.3947811447811448,0.3947811447811448
repo_gabriel,39-70,Tour and travel guides,3.8,55800.0,1,-0.37210421493104484,0.48295454545454547,39-70,soc4,39-7011.00 | 39-7012.00,Tour Guides and Escorts | Travel Guides,2,0.17121922,webb_soc4_ai_score,soc4,webb_exposure_by_soc4.xlsx,exposure_by_soc4,-1.2277993186826062,0.09259259259259259,Tour and travel guides,repo_gabriel,webb_soc4_ai_score,3.6287807799999996,0.39036195286195285,0.39036195286195285
repo_gabriel,49-20,Telecommunications technicians,2.4880131362889983,548100.0,3,-0.9573683429973636,0.2727272727272727,49-20,soc4,49-2011.00 | 49-2021.00 | 49-2021.01 | 49-2022.00 | 49-2091.00,"Computer, Automated Teller, and Office Machine Repairers | Radio, Cellular, and Tower Equipment Installers and Repairers | Radio Mechanics | Telecommunications Equipment Installers and Repairers, Except Line Installers | Avionics Technicians",12,0.4679466566666666,webb_soc4_ai_score,soc4,webb_exposure_by_soc4.xlsx,exposure_by_soc4,0.30881074347013077,0.6574074074074074,Telecommunications technicians,repo_gabriel,webb_soc4_ai_score,2.0200664796223315,-0.38468013468013473,0.38468013468013473
repo_gabriel,19-40,Biological technicians,4.070688321732406,258600.0,7,-0.2513528804639121,0.5113636363636364,19-40,soc4,19-4011.01 | 19-4011.02 | 19-4021.00 | 19-4031.00 | 19-4041.01,Agricultural Technicians | Food Science Technicians | Biological Technicians | Chemical Technicians | Geophysical Data Technicians,16,0.652976629375,webb_soc4_ai_score,soc4,webb_exposure_by_soc4.xlsx,exposure_by_soc4,1.2669928416859606,0.8888888888888888,Biological technicians,repo_gabriel,webb_soc4_ai_score,3.417711692357406,-0.3775252525252525,0.3775252525252525
repo_gabriel,33-30,Police and detectives,2.3363171977621016,1233300.0,2,-1.0250383735813762,0.19318181818181818,33-30,soc4,33-3011.00 | 33-3012.00 | 33-3021.01 | 33-3021.02 | 33-3021.03,Bailiffs | Correctional Officers and Jailers | Police Detectives | Police Identification and Records Officers | Criminal Investigators and Special Agents,12,0.4220133369166667,webb_soc4_ai_score,soc4,webb_exposure_by_soc4.xlsx,exposure_by_soc4,0.07094395869007061,0.5648148148148148,Police and detectives,repo_gabriel,webb_soc4_ai_score,1.9143038608454348,-0.3716329966329966,0.3716329966329966
